Title,Title_URL,Content,Content1,Content2,Content3
Farscape,https://tubitv.com/series/300009559/farscape?start=true,1999,,TV-14,Sci-Fi · Action · Adventure · Drama
The Betrayal 2: Revenge,https://tubitv.com/movies/689161/the-betrayal-2-revenge?start=true,2022,2 hr 14 min,TV-MA,Action · Crime · Drama
Meet the Snows,https://tubitv.com/movies/698767/meet-the-snows?start=true,2022,1 hr 46 min,TV-MA,Action · Drama
Til My Casket Drops,https://tubitv.com/movies/699113/til-my-casket-drops?start=true,2022,1 hr 40 min,TV-MA,Crime · Action · Drama
McGraw Avenue,https://tubitv.com/series/4893/mcgraw-avenue?start=true,2020,,TV-14,Drama · Action
La Ley Del Monte,https://tubitv.com/movies/639274/la-ley-del-monte?start=true,1976,1 hr 56 min,PG-13,Action · Drama · Romance · Foreign/International
El Pequeño Soldado (Doblado),https://tubitv.com/movies/702666/el-peque-o-soldado-doblado?start=true,2019,1 hr 26 min,TV-14,Drama · Action · War · Foreign/International
Emboscada,https://tubitv.com/movies/702542/emboscada?start=true,1990,1 hr 39 min,TV-PG,Action · Foreign/International
El Pistolero,https://tubitv.com/movies/463206/el-pistolero?start=true,2012,1 hr 38 min,R,Action · Crime · Foreign/International
Disturbing the Peace,https://tubitv.com/movies/677158/disturbing-the-peace?start=true,2020,1 hr 30 min,R,Action · Thriller · Western
A Verry Merry Hood Christmas,https://tubitv.com/movies/705092/a-verry-merry-hood-christmas?start=true,2022,1 hr 30 min,TV-MA,Comedy · Drama · Holiday
Son of Bigfoot,https://tubitv.com/movies/611638/son-of-bigfoot?start=true,2018,1 hr 31 min,PG,Kids & Family · Animation · Adventure · Comedy
Chandler Christmas Getaway,https://tubitv.com/movies/673786/chandler-christmas-getaway?start=true,2018,1 hr 28 min,TV-PG,Comedy · Holiday · Romance
Grow House,https://tubitv.com/movies/557671/grow-house?start=true,2017,1 hr 27 min,R,Comedy
Luis and the Aliens,https://tubitv.com/movies/611824/luis-and-the-aliens?start=true,2018,1 hr 25 min,PG,Comedy · Animation · Sci-Fi · Kids & Family
El Hijo Del Pueblo,https://tubitv.com/movies/639245/el-hijo-del-pueblo?start=true,1974,1 hr 31 min,TV-14,Comedy · Foreign/International
"El Diablo, El Santo Y El Tonto",https://tubitv.com/movies/636625/el-diablo-el-santo-y-el-tonto?start=true,1985,1 hr 34 min,TV-14,Comedy · Foreign/International
"Tonta Tonta, Pero No Tanto",https://tubitv.com/movies/641421/tonta-tonta-pero-no-tanto?start=true,1972,1 hr 30 min,PG,Comedy · Foreign/International
Bellas De Noche,https://tubitv.com/movies/702670/bellas-de-noche?start=true,1975,1 hr 39 min,TV-MA,Comedy · Drama · Romance · Foreign/International
Merry Wishmas,https://tubitv.com/movies/608935/merry-wishmas?start=true,2018,1 hr 22 min,TV-PG,Comedy · Drama · Romance · Holiday
Ash and Bone,https://tubitv.com/movies/697256/ash-and-bone?start=true,2022,1 hr 37 min,TV-MA,Thriller · Horror
Bed Rest,https://tubitv.com/movies/698742/bed-rest?start=true,2022,1 hr 30 min,R,Horror · Thriller
Krampus: The Return,https://tubitv.com/movies/690113/krampus-the-return?start=true,2022,1 hr 19 min,TV-MA,Horror
Tiffany the Doll,https://tubitv.com/movies/700174/tiffany-the-doll?start=true,2020,1 hr 13 min,TV-MA,Horror
All Hallows Eve,https://tubitv.com/movies/391450/all-hallows-eve?start=true,2012,1 hr 22 min,TV-MA,Horror · Holiday
The Thaw,https://tubitv.com/movies/691345/the-thaw?start=true,2009,1 hr 34 min,R,Horror · Sci-Fi · Thriller
Serpiente (Doblado),https://tubitv.com/movies/676949/serpiente-doblado?start=true,2018,1 hr 19 min,TV-MA,Adventure · Fantasy · Horror · Foreign/International
Exorcismo Documentado,https://tubitv.com/movies/660977/exorcismo-documentado?start=true,2012,1 hr 57 min,TV-MA,Horror · Foreign/International
La Maldición De La Sirena (Doblado),https://tubitv.com/movies/691393/la-maldici-n-de-la-sirena-doblado?start=true,2019,1 hr 29 min,TV-MA,Horror
El Miedo No Anda en Burro,https://tubitv.com/movies/641665/el-miedo-no-anda-en-burro?start=true,1976,1 hr 26 min,PG,Comedy · Horror · Foreign/International
A Christmas Carol,https://tubitv.com/movies/609208/a-christmas-carol?start=true,1984,1 hr 41 min,PG,Kids & Family · Drama · Fantasy
The Christmas Project,https://tubitv.com/movies/671700/the-christmas-project?start=true,2016,1 hr 32 min,TV-PG,Comedy · Holiday · Kids & Family
Jack Frost,https://tubitv.com/movies/545176/jack-frost?start=true,1979,48 min,TV-G,Animation · Fantasy · Kids & Family · Musicals
Christmas Cartoon Extravaganza,https://tubitv.com/movies/571807/christmas-cartoon-extravaganza?start=true,2018,1 hr 7 min,TV-G,Kids & Family · Holiday · Animation
A Collection of Christmas Classics,https://tubitv.com/movies/590795/a-collection-of-christmas-classics?start=true,1970,3 hr 24 min,TV-G,Animation · Holiday · Kids & Family
The Christmas Colt,https://tubitv.com/movies/701477/the-christmas-colt?start=true,2013,1 hr 25 min,TV-G,Kids & Family · Drama · Holiday
The Wizard’s Christmas,https://tubitv.com/movies/341559/the-wizard-s-christmas?start=true,2016,1 hr 24 min,TV-PG,Kids & Family · Animation · Fantasy · Holiday
The Christmas Dragon,https://tubitv.com/movies/638334/the-christmas-dragon?start=true,2014,1 hr 45 min,TV-G,Adventure · Kids & Family · Holiday
Bilal: A New Breed of Hero,https://tubitv.com/movies/666560/bilal-a-new-breed-of-hero?start=true,2016,1 hr 49 min,PG-13,Animation · Adventure · Kids & Family
A Christmas Tree Miracle,https://tubitv.com/movies/681496/a-christmas-tree-miracle?start=true,2013,1 hr 42 min,TV-G,Holiday · Kids & Family
Boxed In,https://tubitv.com/movies/700643/boxed-in?start=true,2022,1 hr 35 min,TV-14,Drama · Romance · Sport
Adam + Eve,https://tubitv.com/movies/697049/adam-eve?start=true,2022,2 hr 2 min,TV-MA,Thriller · Drama · Romance
Por Tu Maldito Amor,https://tubitv.com/movies/702538/por-tu-maldito-amor?start=true,1990,1 hr 36 min,TV-14,Drama · Romance · Foreign/International
Plug Love,https://tubitv.com/movies/561890/plug-love?start=true,2017,1 hr 54 min,TV-MA,Drama · Crime · Romance
Las Oscuras Primaveras,https://tubitv.com/movies/660975/las-oscuras-primaveras?start=true,2014,1 hr 41 min,TV-MA,Drama · Romance · Adult
Dirty Work,https://tubitv.com/movies/650036/dirty-work?start=true,2018,1 hr 45 min,TV-MA,Thriller · Drama · Romance
Christmas at the Holly Hotel,https://tubitv.com/movies/702761/christmas-at-the-holly-hotel?start=true,2022,1 hr 24 min,TV-PG,Comedy · Holiday · Romance
Dead Sexy,https://tubitv.com/movies/575421/dead-sexy?start=true,2018,1 hr 23 min,TV-MA,Comedy
Jeff Dunham: Controlled Chaos,https://tubitv.com/movies/489900/jeff-dunham-controlled-chaos?start=true,2011,1 hr 37 min,TV-MA,Comedy
The Sand,https://tubitv.com/movies/439689/the-sand?start=true,2014,1 hr 25 min,TV-14,Horror
Fist of Fury,https://tubitv.com/movies/497642/fist-of-fury?start=true,1972,1 hr 46 min,R,Action · Drama
Thor: End of Days,https://tubitv.com/movies/561256/thor-end-of-days?start=true,2020,1 hr 31 min,TV-MA,Action · Fantasy
Slippin’: 10 Years With the Bloods,https://tubitv.com/movies/571194/slippin-10-years-with-the-bloods?start=true,2005,1 hr 23 min,TV-MA,Documentary
Story of Yanxi Palace,https://tubitv.com/series/300005119/story-of-yanxi-palace?start=true,2018,,TV-14,Drama · Foreign/International
Not Cinderella's Type,https://tubitv.com/movies/528422/not-cinderella-s-type?start=true,2018,1 hr 37 min,TV-G,Drama · Romance
I Am Still Here,https://tubitv.com/movies/574669/i-am-still-here?start=true,2017,1 hr 43 min,TV-MA,Drama
No Better Love,https://tubitv.com/movies/696858/no-better-love?start=true,2022,1 hr 33 min,TV-MA,Crime · Thriller · Drama
Faithful,https://tubitv.com/movies/685573/faithful?start=true,2022,1 hr 37 min,TV-MA,Drama · Thriller
The Perfect Wife 2,https://tubitv.com/movies/692700/the-perfect-wife-2?start=true,2022,1 hr 29 min,TV-MA,Thriller
Poison Candy,https://tubitv.com/movies/700177/poison-candy?start=true,2022,1 hr 49 min,TV-MA,Drama · Thriller
Unfair Exchange,https://tubitv.com/movies/700344/unfair-exchange?start=true,2022,1 hr 35 min,TV-MA,Thriller · Crime · Drama
When Love Kills: The Falicia Blakely Story,https://tubitv.com/movies/609342/when-love-kills-the-falicia-blakely-story?start=true,2017,1 hr 23 min,TV-14,Drama · Thriller
Price of Love,https://tubitv.com/movies/567359/price-of-love?start=true,2020,1 hr 48 min,TV-MA,Drama · Crime · Thriller
Trust Nobody,https://tubitv.com/movies/657981/trust-nobody?start=true,2021,1 hr 48 min,R,Drama · Crime · Thriller
The Keeper,https://tubitv.com/movies/672343/the-keeper?start=true,2009,1 hr 34 min,R,Action · Crime
Archons,https://tubitv.com/movies/687658/archons?start=true,2018,1 hr 28 min,TV-MA,Horror · Sci-Fi · Thriller
When Darkness Falls,https://tubitv.com/movies/685577/when-darkness-falls?start=true,2022,1 hr 45 min,TV-MA,Mystery · Thriller
Arctic Void,https://tubitv.com/movies/682349/arctic-void?start=true,2022,1 hr 25 min,TV-MA,Drama · Mystery · Thriller
Crazy on the Outside,https://tubitv.com/movies/615162/crazy-on-the-outside?start=true,2010,1 hr 36 min,PG-13,Comedy
A Dangerous Man,https://tubitv.com/movies/585469/a-dangerous-man?start=true,2009,1 hr 34 min,TV-14,Action · Thriller
Big Kill,https://tubitv.com/movies/617608/big-kill?start=true,2019,2 hr 6 min,R,Western · Action
Crimes of Passion,https://tubitv.com/series/300005405/crimes-of-passion?start=true,2006,,TV-14,Crime · Documentary
Beowulf: Return to the Shieldlands,https://tubitv.com/series/4753/beowulf-return-to-the-shieldlands?start=true,2016,,TV-14,Drama · Fantasy · Adventure
Above Top Secret: The Technology Behind Disclosure,https://tubitv.com/movies/660494/above-top-secret-the-technology-behind-disclosure?start=true,2022,2 hr 0 min,TV-MA,Documentary
Offside,https://tubitv.com/movies/554108/offside?start=true,2019,1 hr 45 min,PG,Documentary · Sport · Foreign/International
Above Majestic,https://tubitv.com/movies/608954/above-majestic?start=true,2018,2 hr 13 min,TV-14,Documentary
A Flash of Beauty: Bigfoot Revealed,https://tubitv.com/movies/678213/a-flash-of-beauty-bigfoot-revealed?start=true,2021,1 hr 34 min,TV-PG,Documentary
Bob Lazar: Area 51 & Flying Saucers,https://tubitv.com/movies/610453/bob-lazar-area-51-flying-saucers?start=true,2018,1 hr 37 min,TV-14,Documentary · Independent
The Phenomenon,https://tubitv.com/movies/632920/the-phenomenon?start=true,2020,1 hr 40 min,TV-14,Documentary
Missing 411,https://tubitv.com/movies/581931/missing-411?start=true,2017,1 hr 37 min,TV-PG,Documentary
Ancient Secrets: Illuminati the New Atlantis,https://tubitv.com/movies/671575/ancient-secrets-illuminati-the-new-atlantis?start=true,2006,2 hr 36 min,TV-14,Documentary
Stevie Nicks: Through the Looking Glass,https://tubitv.com/movies/672105/stevie-nicks-through-the-looking-glass?start=true,2013,2 hr 1 min,TV-14,Documentary · Music
The House on Sweet and Seventh,https://tubitv.com/movies/692509/the-house-on-sweet-and-seventh?start=true,2020,58 min,TV-MA,Documentary · Crime
Snow,https://tubitv.com/movies/568622/snow?start=true,2004,1 hr 28 min,TV-PG,Kids & Family · Comedy · Fantasy
Tammy and the T-Rex,https://tubitv.com/movies/700459/tammy-and-the-t-rex?start=true,1994,1 hr 30 min,PG-13,Comedy · Sci-Fi
Unlikely Angel,https://tubitv.com/movies/445129/unlikely-angel?start=true,1996,1 hr 31 min,G,Comedy · Music · Fantasy · Holiday
I Think We're Alone Now,https://tubitv.com/movies/702003/i-think-we-re-alone-now?start=true,2018,1 hr 39 min,R,Drama · Sci-Fi · Independent
Highway to Heaven,https://tubitv.com/series/300006947/highway-to-heaven?start=true,1984,,TV-PG,Drama
Macho,https://tubitv.com/movies/660974/macho?start=true,2016,1 hr 41 min,TV-14,Comedy · Foreign/International · LGBT · Romance
The Guest House,https://tubitv.com/movies/535453/the-guest-house?start=true,2011,1 hr 22 min,TV-MA,Romance · LGBT
Behind Closed Doors,https://tubitv.com/movies/655787/behind-closed-doors?start=true,2021,1 hr 29 min,TV-MA,Drama · LGBT
The Exchange,https://tubitv.com/movies/693653/the-exchange?start=true,2021,1 hr 48 min,TV-MA,Drama · Romance · LGBT
Elena Undone,https://tubitv.com/movies/620720/elena-undone?start=true,2010,1 hr 51 min,TV-MA,Drama · Romance · LGBT
Akron,https://tubitv.com/movies/527835/akron?start=true,2017,1 hr 27 min,TV-MA,Drama · LGBT · Romance
Coming Home for Christmas,https://tubitv.com/movies/692738/coming-home-for-christmas?start=true,2022,1 hr 40 min,TV-MA,Drama · Holiday · LGBT
Coming Out,https://tubitv.com/series/300009179/coming-out?start=true,2022,,TV-MA,Drama · LGBT
2 in the Bush: A Love Story,https://tubitv.com/movies/535668/2-in-the-bush-a-love-story?start=true,2018,1 hr 37 min,TV-MA,Comedy · LGBT · Romance
Loving Annabelle,https://tubitv.com/movies/549596/loving-annabelle?start=true,2007,1 hr 16 min,TV-14,Drama · Romance · LGBT
Prince Harry: A New Kind of Royal,https://tubitv.com/movies/671280/prince-harry-a-new-kind-of-royal?start=true,2021,50 min,TV-PG,Documentary
Harry & Meghan: The Revelations,https://tubitv.com/movies/671301/harry-meghan-the-revelations?start=true,2021,55 min,TV-PG,Documentary
Secrets of Diana's Last Royal Christmas: 1991,https://tubitv.com/movies/660451/secrets-of-diana-s-last-royal-christmas-1991?start=true,2021,59 min,TV-PG,Documentary · Drama
The Rapture: The Beginning of the End,https://tubitv.com/movies/527786/the-rapture-the-beginning-of-the-end?start=true,2015,44 min,PG,Documentary
100 Seconds to Midnight: Doomsday Clock,https://tubitv.com/movies/684229/100-seconds-to-midnight-doomsday-clock?start=true,2022,1 hr 0 min,TV-PG,Documentary
Doomsday Clock,https://tubitv.com/movies/601443/doomsday-clock?start=true,2017,1 hr 6 min,TV-PG,Thriller · Action
Petey Wheatstraw,https://tubitv.com/movies/496332/petey-wheatstraw?start=true,1977,1 hr 39 min,R,Comedy · Fantasy · Horror
Warlock,https://tubitv.com/movies/480403/warlock?start=true,1959,2 hr 1 min,PG,Western
Gang of Roses II: Next Generation,https://tubitv.com/movies/274152/gang-of-roses-ii-next-generation?start=true,2013,1 hr 32 min,PG,Western · Action · Drama
Juan Colorado,https://tubitv.com/movies/463201/juan-colorado?start=true,1966,1 hr 27 min,TV-14,Western · Action · Crime · Foreign/International
Ahí Viene Martín Corona,https://tubitv.com/movies/463196/ah-viene-mart-n-corona?start=true,1952,1 hr 33 min,G,Comedy · Drama · Foreign/International · Western
Kenny Rogers as The Gambler,https://tubitv.com/movies/272773/kenny-rogers-as-the-gambler?start=true,1980,1 hr 35 min,TV-PG,Western · Drama
A Man Called Horse,https://tubitv.com/movies/499215/a-man-called-horse?start=true,1970,1 hr 55 min,R,Western · Adventure · Drama
Chino,https://tubitv.com/movies/499285/chino?start=true,1973,1 hr 36 min,PG,Western · Drama · Action · Adventure
The Legend of 5 Mile Cave,https://tubitv.com/movies/522195/the-legend-of-5-mile-cave?start=true,2019,1 hr 30 min,TV-14,Western
Stagecoach,https://tubitv.com/movies/499716/stagecoach?start=true,1939,1 hr 35 min,TV-PG,Western · Action
Boot Hill,https://tubitv.com/movies/11965/boot-hill?start=true,1969,1 hr 24 min,PG,Foreign/International · Western · Comedy · Drama
Madre (Doblado),https://tubitv.com/series/300009446/madre-doblado?start=true,2016,,TV-14,Drama · Foreign/International
Absence of Innocence,https://tubitv.com/movies/701100/absence-of-innocence?start=true,2022,1 hr 29 min,TV-MA,Drama · Crime
He Played Me 2,https://tubitv.com/movies/703676/he-played-me-2?start=true,2022,1 hr 55 min,TV-MA,Drama
Platinum,https://tubitv.com/movies/700214/platinum?start=true,2022,2 hr 3 min,TV-MA,Crime · Drama
Ultimate Betrayal,https://tubitv.com/movies/703674/ultimate-betrayal?start=true,2022,59 min,TV-MA,Drama
He Played Me,https://tubitv.com/movies/612039/he-played-me?start=true,2021,1 hr 50 min,TV-MA,Drama
Perfume De Violetas,https://tubitv.com/movies/660973/perfume-de-violetas?start=true,2001,1 hr 28 min,TV-14,Drama
"Sexo, Amor Y Otras Perversiones",https://tubitv.com/movies/662183/sexo-amor-y-otras-perversiones?start=true,2005,1 hr 33 min,TV-MA,Drama · Romance
Entre Compadres Te Veas,https://tubitv.com/movies/702536/entre-compadres-te-veas?start=true,1989,1 hr 33 min,TV-PG,Comedy · Drama · Foreign/International
El Cuatrero,https://tubitv.com/movies/702534/el-cuatrero?start=true,1989,1 hr 27 min,TV-PG,Comedy · Action · Adventure · Foreign/International
It’s a Wonderful Life (Abridged Edition),https://tubitv.com/movies/705527/it-s-a-wonderful-life-abridged-edition?start=true,1946,1 hr 46 min,PG,Kids & Family · Drama · Holiday · Fantasy
Christmas on My Block,https://tubitv.com/movies/622904/christmas-on-my-block?start=true,2021,1 hr 35 min,TV-14,Drama
The Christmas Gift,https://tubitv.com/movies/568625/the-christmas-gift?start=true,1986,1 hr 34 min,TV-G,Drama · Holiday
Rosemont,https://tubitv.com/movies/479213/rosemont?start=true,2017,1 hr 33 min,TV-14,Drama · Holiday
Jeff Dunham: Very Special Christmas Special,https://tubitv.com/movies/489898/jeff-dunham-very-special-christmas-special?start=true,2008,1 hr 25 min,TV-MA,Comedy · Holiday
American Violet,https://tubitv.com/movies/701940/american-violet?start=true,2008,1 hr 43 min,PG-13,Drama
The Love Witch,https://tubitv.com/movies/683309/the-love-witch?start=true,2016,2 hr 0 min,TV-MA,Comedy · Horror · Romance
Dial M For Murder,https://tubitv.com/movies/326245/dial-m-for-murder?start=true,1954,1 hr 45 min,PG,Drama · Thriller · Mystery · Crime
Suspiria,https://tubitv.com/movies/326260/suspiria?start=true,1977,1 hr 38 min,R,Horror · Thriller
Bodied,https://tubitv.com/movies/684356/bodied?start=true,2018,2 hr 0 min,R,Comedy · Drama · Music · Independent
Gloomy Sunday,https://tubitv.com/movies/521793/gloomy-sunday?start=true,2003,1 hr 54 min,TV-MA,Drama · Foreign/International
Super Dark Times,https://tubitv.com/movies/579379/super-dark-times?start=true,2017,1 hr 42 min,TV-MA,Drama · Thriller · Independent
Charade,https://tubitv.com/movies/682992/charade?start=true,1963,1 hr 53 min,TV-PG,Comedy · Mystery · Romance
Housebound,https://tubitv.com/movies/499465/housebound?start=true,2014,1 hr 51 min,TV-MA,Horror · Comedy · Independent
Hunt for the Wilderpeople,https://tubitv.com/movies/579275/hunt-for-the-wilderpeople?start=true,2016,1 hr 41 min,PG-13,Comedy · Drama · Independent · Adventure
The Bells of St. Mary's,https://tubitv.com/movies/546117/the-bells-of-st-mary-s?start=true,1945,2 hr 6 min,TV-PG,Drama
All Things Fair,https://tubitv.com/movies/475177/all-things-fair?start=true,1996,2 hr 9 min,TV-MA,Drama · Romance · War
Notorious,https://tubitv.com/movies/597657/notorious?start=true,1946,1 hr 41 min,TV-14,Thriller · Drama
The Final Solution,https://tubitv.com/movies/700349/the-final-solution?start=true,1981,1 hr 24 min,TV-PG,Documentary · War
The Heart of Christmas,https://tubitv.com/movies/492378/the-heart-of-christmas?start=true,2011,1 hr 26 min,TV-G,Drama · Holiday
A Woman Scorned: The Betty Broderick Story,https://tubitv.com/movies/564235/a-woman-scorned-the-betty-broderick-story?start=true,1992,1 hr 33 min,PG-13,Drama · Thriller
Christmas Eve,https://tubitv.com/movies/568608/christmas-eve?start=true,1986,1 hr 34 min,TV-14,Drama
Birdman of Alcatraz,https://tubitv.com/movies/658213/birdman-of-alcatraz?start=true,1962,2 hr 28 min,TV-14,Crime · Drama
Animal Farm,https://tubitv.com/movies/506707/animal-farm?start=true,1954,1 hr 13 min,TV-PG,Animation · Drama
The Chosen,https://tubitv.com/series/300007679/the-chosen?start=true,2017,,TV-PG,Drama
Lockdown: 2025,https://tubitv.com/movies/622272/lockdown-2025?start=true,2021,1 hr 33 min,TV-MA,Sci-Fi · Thriller
The Christmas Spirit,https://tubitv.com/movies/700185/the-christmas-spirit?start=true,2022,1 hr 29 min,TV-PG,Drama · Holiday
God's Compass,https://tubitv.com/movies/436689/god-s-compass?start=true,2016,1 hr 43 min,TV-PG,Drama
To Hell and Back,https://tubitv.com/movies/609347/to-hell-and-back?start=true,2015,1 hr 22 min,TV-G,Drama
Break Every Chain,https://tubitv.com/movies/665447/break-every-chain?start=true,2021,1 hr 43 min,TV-14,Drama
Message and the Messenger,https://tubitv.com/movies/683760/message-and-the-messenger?start=true,2022,1 hr 55 min,TV-MA,Drama
The Second Coming of Christ,https://tubitv.com/movies/602257/the-second-coming-of-christ?start=true,2018,1 hr 32 min,TV-14,Action · Drama
Sins of the Father,https://tubitv.com/movies/609358/sins-of-the-father?start=true,2019,1 hr 22 min,TV-14,Drama · Crime
Black Christmas,https://tubitv.com/movies/469540/black-christmas?start=true,1974,1 hr 37 min,R,Horror · Holiday
Trailer Park Boys: The SwearNet Show,https://tubitv.com/series/300009213/trailer-park-boys-the-swearnet-show?start=true,2022,,TV-MA,Comedy · Crime
Samurai Cop,https://tubitv.com/movies/324874/samurai-cop?start=true,1991,1 hr 36 min,TV-14,Action · Crime
Batman,https://tubitv.com/movies/636895/batman?start=true,1943,3 hr 35 min,TV-PG,Action · Adventure · Crime · Fantasy
"A Genius, Two Partners, and a Dupe",https://tubitv.com/movies/652471/a-genius-two-partners-and-a-dupe?start=true,1975,1 hr 56 min,TV-MA,Comedy · Western
What?,https://tubitv.com/movies/635240/what?start=true,1972,1 hr 53 min,TV-MA,Comedy
The Toxic Avenger,https://tubitv.com/movies/655405/the-toxic-avenger?start=true,1984,1 hr 22 min,R,Action · Comedy · Horror
Dolemite,https://tubitv.com/movies/496328/dolemite?start=true,1975,1 hr 30 min,R,Action · Crime · Comedy
Return to Savage Beach,https://tubitv.com/movies/646717/return-to-savage-beach?start=true,1998,1 hr 37 min,R,Action · Comedy · Crime
Malibu Express,https://tubitv.com/movies/646724/malibu-express?start=true,1985,1 hr 41 min,R,Action · Comedy · Crime
Twin Dragons,https://tubitv.com/movies/639644/twin-dragons?start=true,1992,1 hr 29 min,PG-13,Action · Comedy · Foreign/International
"Deadly Strike (Wanted! Bruce Li, Dead or Alive)",https://tubitv.com/movies/552523/deadly-strike-wanted-bruce-li-dead-or-alive?start=true,1978,1 hr 31 min,TV-14,Action
The Martial Arts Kid,https://tubitv.com/movies/697872/the-martial-arts-kid?start=true,2015,1 hr 43 min,TV-14,Action · Kids & Family
Blood Money,https://tubitv.com/movies/500676/blood-money?start=true,2012,1 hr 48 min,R,Action · Thriller
Armour of God,https://tubitv.com/movies/691076/armour-of-god?start=true,1986,1 hr 32 min,TV-MA,Action · Adventure · Comedy · Foreign/International
36 Deadly Styles,https://tubitv.com/movies/551258/36-deadly-styles?start=true,1982,1 hr 32 min,TV-MA,Action
Mystery of Chess Boxing,https://tubitv.com/movies/551224/mystery-of-chess-boxing?start=true,1979,1 hr 30 min,TV-MA,Action · Drama
The Invincible Armour,https://tubitv.com/movies/551290/the-invincible-armour?start=true,1977,1 hr 45 min,TV-MA,Action
El Retorno Del Tigre (Doblado),https://tubitv.com/movies/691397/el-retorno-del-tigre-doblado?start=true,1977,1 hr 36 min,TV-MA,Action · Crime · Foreign/International
Bringing Up Bates,https://tubitv.com/series/3842/bringing-up-bates?start=true,2015,,TV-G,Reality · Kids & Family
Ultimate Cowboy Showdown,https://tubitv.com/series/300005088/ultimate-cowboy-showdown?start=true,2019,,TV-PG,Reality
Slime Wars,https://tubitv.com/series/300009405/slime-wars?start=true,2022,,TV-G,Reality
World Poker Tour,https://tubitv.com/series/2418/world-poker-tour?start=true,2014,,TV-PG,Reality · Sport
The Joy of Painting With Bob Ross,https://tubitv.com/series/3936/the-joy-of-painting-with-bob-ross?start=true,2019,,TV-G,Reality · Kids & Family · Lifestyle
Spook Show 17,https://tubitv.com/series/300009519/spook-show-17?start=true,2022,,TV-MA,Reality · Comedy · Horror
Hollywood Divas,https://tubitv.com/series/300007350/hollywood-divas?start=true,2014,,TV-14,Reality · Lifestyle
Hot Ones,https://tubitv.com/series/300008560/hot-ones?start=true,2015,,TV-14,Comedy · Lifestyle · Reality
Operation Repo,https://tubitv.com/series/300005553/operation-repo?start=true,2007,,TV-14,Reality
Paranormal Captured,https://tubitv.com/series/4384/paranormal-captured?start=true,2018,,TV-14,Reality · Horror
McLintock!,https://tubitv.com/movies/601252/mclintock?start=true,1963,2 hr 10 min,TV-PG,Western
Miracle on 34th Street: The Classic Christmas Story,https://tubitv.com/movies/697550/miracle-on-34th-street-the-classic-christmas-story?start=true,1955,45 min,TV-G,Comedy · Drama · Holiday
Popeye and Friends (Vol. 1),https://tubitv.com/movies/490046/popeye-and-friends-vol-1?start=true,1937,1 hr 5 min,TV-G,Kids & Family · Animation · Comedy
The Little Rascals: Best of Our Gang (In Color),https://tubitv.com/movies/536870/the-little-rascals-best-of-our-gang-in-color?start=true,1931,1 hr 23 min,TV-14,Comedy · Kids & Family
The Hound of the Baskervilles,https://tubitv.com/movies/559765/the-hound-of-the-baskervilles?start=true,1939,1 hr 19 min,TV-PG,Mystery · Horror · Thriller
Saint Seiya Saintia Sho (Sub Esp),https://tubitv.com/series/300006906/saint-seiya-saintia-sho-sub-esp?start=true,2018,,TV-14,Anime · Fantasy · Adventure · Action
Future Card Buddy Fight,https://tubitv.com/series/300005026/future-card-buddy-fight?start=true,2014,,TV-PG,Anime
Yu-Gi-Oh! VRAINS,https://tubitv.com/series/300008489/yu-gi-oh-vrains?start=true,2017,,TV-Y7_FV,Anime · Fantasy
GGo Football (Español),https://tubitv.com/series/300005701/ggo-football-espa-ol?start=true,2010,,TV-Y7_FV,Anime · Sport · Kids & Family
Daddy Long Legs,https://tubitv.com/movies/184139/daddy-long-legs?start=true,1980,1 hr 3 min,TV-PG,Anime · Drama · Romance
Street Fighter: The New Challengers,https://tubitv.com/movies/540241/street-fighter-the-new-challengers?start=true,2011,1 hr 30 min,TV-14,Animation · Anime · Action
Spider Riders,https://tubitv.com/series/300004936/spider-riders?start=true,2006,,TV-Y7,Anime
Saint Seiya Saintia Sho (Subtitled),https://tubitv.com/series/300006594/saint-seiya-saintia-sho-subtitled?start=true,2018,,TV-14,Anime · Fantasy
Screechers Wild!,https://tubitv.com/series/300008822/screechers-wild?start=true,2018,,TV-PG,Anime · Foreign/International
Wonder Plants,https://tubitv.com/series/300006639/wonder-plants?start=true,2018,,TV-PG,Anime · Kids & Family · Adventure · Fantasy · Foreign/International
Dark Side of the Ring,https://tubitv.com/series/300008190/dark-side-of-the-ring?start=true,2019,,TV-14,Documentary · Drama · Sport
While the Rest of Us Die: Secrets of America's Shadow Government,https://tubitv.com/series/300009263/while-the-rest-of-us-die-secrets-of-america-s-shadow-government?start=true,2020,,TV-14,Documentary
Unsung,https://tubitv.com/series/300009126/unsung?start=true,2008,,TV-PG,Documentary · Music
Hitler's Secret Sex Life,https://tubitv.com/series/300009740/hitler-s-secret-sex-life?start=true,2021,,TV-MA,Documentary
The Devil You Know,https://tubitv.com/series/300008610/the-devil-you-know?start=true,2019,,TV-MA,Documentary · Crime
America's 60 Greatest Unsolved Mysteries and Crimes,https://tubitv.com/series/1763/america-s-60-greatest-unsolved-mysteries-and-crimes?start=true,2010,,TV-14,Documentary · Mystery
Donkmaster,https://tubitv.com/series/300008884/donkmaster?start=true,2019,,TV-14,Documentary · Sport
A Football Life,https://tubitv.com/series/300008898/a-football-life?start=true,2011,,TV-G,Sport · Documentary
Dark Side of the Ring: Confidential,https://tubitv.com/series/300008886/dark-side-of-the-ring-confidential?start=true,2021,,TV-14,Documentary · Sport
Mysteries of the Ancient World,https://tubitv.com/series/4361/mysteries-of-the-ancient-world?start=true,2005,,TV-PG,Documentary
Eddie Griffin: You Can Tell 'Em I Said It,https://tubitv.com/movies/440278/eddie-griffin-you-can-tell-em-i-said-it?start=true,2011,1 hr 22 min,TV-MA,Comedy
Sebastian Maniscalco: Aren't You Embarrassed?,https://tubitv.com/movies/583763/sebastian-maniscalco-aren-t-you-embarrassed?start=true,2014,1 hr 2 min,TV-MA,Comedy
DeMarcus Cousins Presents Boogie's Comedy Slam,https://tubitv.com/movies/544241/demarcus-cousins-presents-boogie-s-comedy-slam?start=true,2020,1 hr 11 min,TV-MA,Comedy
Bill Engvall: Just Sell Him for Parts,https://tubitv.com/movies/666036/bill-engvall-just-sell-him-for-parts?start=true,2016,1 hr 14 min,TV-14,Comedy
Blue Collar Comedy Tour Rides Again,https://tubitv.com/movies/666037/blue-collar-comedy-tour-rides-again?start=true,2004,1 hr 46 min,TV-14,Comedy
"Lavell Crawford: New Look, Same Funny",https://tubitv.com/movies/609562/lavell-crawford-new-look-same-funny?start=true,2019,1 hr 27 min,TV-MA,Comedy
Jeff Dunham: All Over the Map,https://tubitv.com/movies/535653/jeff-dunham-all-over-the-map?start=true,2014,1 hr 23 min,TV-14,Comedy
Jeff Dunham: Spark of Insanity,https://tubitv.com/movies/547570/jeff-dunham-spark-of-insanity?start=true,2007,1 hr 19 min,TV-14,Comedy
The Dawn Wall,https://tubitv.com/movies/640974/the-dawn-wall?start=true,2017,1 hr 40 min,TV-PG,Documentary · Sport · Independent
Long Nights Short Mornings,https://tubitv.com/movies/641008/long-nights-short-mornings?start=true,2016,1 hr 41 min,TV-MA,Drama · Independent · Romance
"Book of Secrets: Aliens, Ghosts and Ancient Mysteries",https://tubitv.com/movies/650973/book-of-secrets-aliens-ghosts-and-ancient-mysteries?start=true,2021,1 hr 2 min,TV-14,Documentary · Independent
Escape 2120,https://tubitv.com/movies/550854/escape-2120?start=true,2020,1 hr 47 min,TV-14,Sci-Fi · Adventure · Independent
"Sex, Guaranteed",https://tubitv.com/movies/455985/sex-guaranteed?start=true,2017,1 hr 21 min,TV-MA,Comedy · Romance · Independent
Amazon Queen,https://tubitv.com/movies/678598/amazon-queen?start=true,2021,1 hr 25 min,TV-14,Action · Drama · Independent
Journey's End,https://tubitv.com/movies/577111/journey-s-end?start=true,2017,1 hr 47 min,R,Drama · Independent
Videoverse,https://tubitv.com/movies/621020/videoverse?start=true,2021,1 hr 7 min,TV-MA,Comedy · Adult · Horror
To Love a Ghost,https://tubitv.com/movies/521943/to-love-a-ghost?start=true,2001,1 hr 18 min,R,Romance
Femalien: Cosmic Crush,https://tubitv.com/movies/601430/femalien-cosmic-crush?start=true,2020,1 hr 22 min,TV-MA,Comedy · Adventure · Sci-Fi
Evil Bong,https://tubitv.com/movies/661116/evil-bong?start=true,2006,1 hr 24 min,TV-MA,Comedy · Horror
Slave Girls From Beyond,https://tubitv.com/movies/463111/slave-girls-from-beyond?start=true,1987,1 hr 14 min,R,Horror · Comedy · Fantasy · Sci-Fi
Femalien: Starlight Saga,https://tubitv.com/movies/691203/femalien-starlight-saga?start=true,2022,1 hr 8 min,TV-MA,Adult · Comedy · Fantasy · Sci-Fi
Giantess Battle Attack!,https://tubitv.com/movies/692255/giantess-battle-attack?start=true,2022,59 min,TV-MA,Comedy · Fantasy · Sci-Fi
Puppetmaster,https://tubitv.com/movies/463117/puppetmaster?start=true,1989,1 hr 28 min,R,Horror · Fantasy · Sci-Fi
Model for Murder,https://tubitv.com/movies/621066/model-for-murder?start=true,2016,47 min,TV-MA,Thriller · Adult · LGBT · Mystery
Gingerdead Man,https://tubitv.com/movies/467385/gingerdead-man?start=true,2005,1 hr 10 min,R,Horror · Comedy · Fantasy
Carter High,https://tubitv.com/movies/704523/carter-high?start=true,2015,1 hr 48 min,PG-13,Drama · Sport
Born to Race,https://tubitv.com/movies/460627/born-to-race?start=true,2011,1 hr 38 min,PG-13,Sport · Action
The Perfect Game,https://tubitv.com/movies/496031/the-perfect-game?start=true,2011,1 hr 57 min,PG,Comedy · Drama · Sport · Kids & Family
Lionel Messi: The Greatest,https://tubitv.com/movies/671254/lionel-messi-the-greatest?start=true,2020,57 min,TV-14,Documentary · Sport
Maradona: The Greatest Ever,https://tubitv.com/movies/671308/maradona-the-greatest-ever?start=true,2021,55 min,TV-PG,Documentary · Sport
Mi Prima Ciela,https://tubitv.com/series/300007338/mi-prima-ciela?start=true,2007,,TV-14,Drama
Mi Gorda Bella,https://tubitv.com/series/300006840/mi-gorda-bella?start=true,2002,,TV-14,Drama · Romance
¿Dónde Está Chicky?,https://tubitv.com/series/300006131/d-nde-est-chicky?start=true,2014,,TV-Y,Kids & Family · Animation
Zig & Sharko (Español),https://tubitv.com/series/300006132/zig-sharko-espa-ol?start=true,2010,,TV-Y,Kids & Family · Animation
La Fiesta De Los Comediantes,https://tubitv.com/series/300007135/la-fiesta-de-los-comediantes?start=true,2019,,TV-MA,Comedy · Foreign/International
Nadie Me Dirá Como Quererte,https://tubitv.com/series/300009196/nadie-me-dir-como-quererte?start=true,2008,,TV-14,Drama · Foreign/International
Oggy Y Las Cucarachas,https://tubitv.com/series/300006130/oggy-y-las-cucarachas?start=true,1997,,TV-Y,Kids & Family · Animation · Comedy
Untold Stories of the ER (Español),https://tubitv.com/series/4676/untold-stories-of-the-er-espa-ol?start=true,2004,,TV-PG,Reality · Documentary
Christmas Tree Lights & Holiday Music,https://tubitv.com/movies/640188/christmas-tree-lights-holiday-music?start=true,2021,1 hr 0 min,TV-G,Music · Holiday
Outdoor Christmas Trees with Holiday Music,https://tubitv.com/movies/640187/outdoor-christmas-trees-with-holiday-music?start=true,2021,1 hr 15 min,TV-G,Music · Holiday
"Rain Sounds + Stream for Sleep, Focus, Studying - Nature Video White Noise",https://tubitv.com/movies/568044/rain-sounds-stream-for-sleep-focus-studying-nature-video-white-noise?start=true,2019,2 hr 0 min,TV-G,Music
The Nutcracker Ballet,https://tubitv.com/movies/547353/the-nutcracker-ballet?start=true,2002,1 hr 10 min,TV-G,Kids & Family · Musicals · Holiday
Christmas Tree & Piano Music,https://tubitv.com/movies/640184/christmas-tree-piano-music?start=true,2020,1 hr 0 min,TV-G,Music · Holiday
The Bobby Debarge Story,https://tubitv.com/movies/609739/the-bobby-debarge-story?start=true,2019,1 hr 23 min,TV-14,Drama · Music
Standing Ovation,https://tubitv.com/movies/518587/standing-ovation?start=true,2010,1 hr 46 min,PG,Musicals · Comedy · Kids & Family · Drama
Sor Tequila,https://tubitv.com/movies/643938/sor-tequila?start=true,1980,1 hr 27 min,PG,Comedy · Kids & Family · Foreign/International
"Jose: Hijo Amado, Esclavo Rechazado, Gobernante Exaltado (Doblado)",https://tubitv.com/movies/588265/jose-hijo-amado-esclavo-rechazado-gobernante-exaltado-doblado?start=true,2015,1 hr 30 min,TV-G,Kids & Family · Animation · Drama
LooLoo Kids - La Vaca Lola Y Muchas Más,https://tubitv.com/movies/672800/looloo-kids-la-vaca-lola-y-muchas-m-s?start=true,2021,37 min,TV-Y,Adventure · Animation · Kids & Family
The Little Unicorn (Español),https://tubitv.com/movies/674879/the-little-unicorn-espa-ol?start=true,2002,1 hr 24 min,TV-PG,Adventure · Kids & Family · Fantasy
Steve Y Maggie (Doblado),https://tubitv.com/series/300005561/steve-y-maggie-doblado?start=true,2020,,TV-Y,Kids & Family
Bob El Tren: Alfabeto Aventura Y Mas Canciones Infantiles (Doblado),https://tubitv.com/movies/585019/bob-el-tren-alfabeto-aventura-y-mas-canciones-infantiles-doblado?start=true,2019,26 min,TV-Y,Animation · Kids & Family
¡El Abecedario Canciones Infantiles! - El Árbol Del Español,https://tubitv.com/movies/607876/el-abecedario-canciones-infantiles-el-rbol-del-espa-ol?start=true,2020,42 min,TV-Y,Kids & Family · Animation · Music
"Ecoamigos, Technoland, Musicalia",https://tubitv.com/movies/635541/ecoamigos-technoland-musicalia?start=true,2021,1 hr 23 min,TV-Y,Kids & Family · Animation · Foreign/International
The Real Manhunter,https://tubitv.com/series/300009654/the-real-manhunter?start=true,2021,,TV-14,Documentary · Crime
Foster Sin,https://tubitv.com/series/300005940/foster-sin?start=true,2018,,TV-MA,Drama · Crime
Missing Kenley,https://tubitv.com/series/300009379/missing-kenley?start=true,2021,,TV-MA,Documentary · Crime
Becoming Evil: Serial Killers,https://tubitv.com/series/4180/becoming-evil-serial-killers?start=true,2019,,TV-14,Documentary · Crime
Sherlock Holmes,https://tubitv.com/series/300005729/sherlock-holmes?start=true,1954,,TV-G,Mystery · Crime
Land's End,https://tubitv.com/series/300009205/land-s-end?start=true,1995,,TV-MA,Crime · Action · Drama
America's Serial Killers: Portraits in Evil,https://tubitv.com/series/1767/america-s-serial-killers-portraits-in-evil?start=true,2009,,TV-MA,Documentary · Crime
Dragnet,https://tubitv.com/series/300008169/dragnet?start=true,1951,,TV-PG,Drama · Crime · Mystery
D-Day,https://tubitv.com/movies/536905/d-day?start=true,2013,2 hr 28 min,PG-13,Action · Foreign/International · Thriller
Crime Factory,https://tubitv.com/movies/653536/crime-factory?start=true,2021,2 hr 8 min,TV-14,Action · Drama · Crime
Mickey Virus,https://tubitv.com/movies/539555/mickey-virus?start=true,2013,2 hr 11 min,TV-PG,Comedy · Crime · Romance
Bobby,https://tubitv.com/movies/636879/bobby?start=true,1973,2 hr 41 min,TV-PG,Comedy · Romance · Foreign/International
Tony: My Mentor the Serial Killer,https://tubitv.com/movies/608493/tony-my-mentor-the-serial-killer?start=true,2020,1 hr 54 min,TV-14,Thriller · Foreign/International
Jhankaar Beats,https://tubitv.com/movies/635260/jhankaar-beats?start=true,2003,2 hr 17 min,TV-MA,Comedy · Romance · Foreign/International
Kaashi,https://tubitv.com/movies/608941/kaashi?start=true,2018,2 hr 3 min,TV-14,Thriller · Foreign/International
Ek Khiladi Ek Haseena,https://tubitv.com/movies/635262/ek-khiladi-ek-haseena?start=true,2005,2 hr 28 min,TV-MA,Thriller · Comedy · Crime · Foreign/International
Dhwani,https://tubitv.com/movies/666058/dhwani?start=true,2017,7 min,TV-PG,Drama · Foreign/International
Fatso!,https://tubitv.com/movies/635261/fatso?start=true,2012,1 hr 43 min,TV-14,Comedy · Romance · Foreign/International
Larva,https://tubitv.com/series/300008034/larva?start=true,2011,,TV-PG,Animation · Comedy
The Red Green Show,https://tubitv.com/series/300009731/the-red-green-show?start=true,1991,,TV-PG,Comedy
Chicken Girls,https://tubitv.com/series/4532/chicken-girls?start=true,2017,,TV-14,Drama · Comedy
The Dean Martin Celebrity Roasts,https://tubitv.com/series/4433/the-dean-martin-celebrity-roasts?start=true,1974,,TV-PG,Comedy
Mani,https://tubitv.com/series/4508/mani?start=true,2017,,TV-PG,Comedy · Kids & Family
The Carol Burnett Show,https://tubitv.com/series/300005292/the-carol-burnett-show?start=true,1967,,TV-G,Comedy
It's Showtime at the Apollo,https://tubitv.com/series/300005233/it-s-showtime-at-the-apollo?start=true,1987,,TV-PG,Comedy · Music · Reality
Too Close for Comfort,https://tubitv.com/series/300009383/too-close-for-comfort?start=true,1980,,TV-PG,Comedy
The Dirty D,https://tubitv.com/series/300009178/the-dirty-d?start=true,2022,,TV-MA,Drama
Bonanza,https://tubitv.com/series/300008958/bonanza?start=true,1959,,TV-PG,Western · Drama
Life of a Mistress,https://tubitv.com/series/300005818/life-of-a-mistress?start=true,2018,,TV-MA,Drama
Fireplace Lounge,https://tubitv.com/series/300007791/fireplace-lounge?start=true,2021,,TV-G,Lifestyle · Holiday · Music
Mario & Luigi Bowser's Inside Story Gameplay - Zebra Gamer,https://tubitv.com/series/300008371/mario-luigi-bowser-s-inside-story-gameplay-zebra-gamer?start=true,2018,,TV-PG,Kids & Family · Animation · Lifestyle
This Old House,https://tubitv.com/series/2370/this-old-house?start=true,2018,,TV-G,Lifestyle
America's Test Kitchen,https://tubitv.com/series/300005464/america-s-test-kitchen?start=true,2001,,TV-G,Lifestyle · Reality
NatureVision TV,https://tubitv.com/series/1665/naturevision-tv?start=true,2018,,TV-G,Music · Reality · Lifestyle · Documentary
The Johnny Carson Show,https://tubitv.com/series/300004966/the-johnny-carson-show?start=true,1953,,TV-PG,Comedy · Lifestyle
Jo Frost: Nanny on Tour,https://tubitv.com/series/4057/jo-frost-nanny-on-tour?start=true,2016,,TV-PG,Reality · Documentary · Lifestyle
Roblox Adventures With Flamingo,https://tubitv.com/series/300008359/roblox-adventures-with-flamingo?start=true,2019,,TV-PG,Lifestyle · Kids & Family · Comedy
